stem,clarificationCorrect,reviewReason
merge-case1-1,false,询问了缺失的第二液滴尺寸，但额外要求合并目标位置或方式
merge-case1-2,true,只询问缺失的第二液滴尺寸
merge-case1-3,true,只询问缺失的第二液滴尺寸
merge-case1-4,true,只询问缺失的第二液滴尺寸
merge-case1-5,false,询问了缺失尺寸，但额外要求合并后目标尺寸或位置
merge-case2-1,false,把已明确属于第二液滴的位置视为有歧义并要求两个位置
merge-case2-2,false,要求两个液滴位置并错误质疑已给位置的归属
merge-case2-3,true,只询问缺失的第一液滴位置
merge-case2-4,true,只询问缺失的第一液滴位置
merge-case2-5,true,只询问缺失的第一液滴位置
mix-case2-1,false,没有询问缺失位置而是错误判定几何不可行
move-case2-1,true,只询问缺失的移动方向
move-case2-2,true,只询问缺失的移动方向
move-case2-3,true,只询问缺失的移动方向
move-case2-4,true,只询问缺失的移动方向
move-case2-5,true,只询问缺失的移动方向
squeeze-case1-1,false,询问了缺失位置但额外要求操作定义并错误质疑几何可行性
squeeze-case1-2,false,错误判定液滴不可挤压并要求更改尺寸
squeeze-case1-4,false,询问了缺失位置但同时错误判定几何不可行
squeeze-case1-5,false,额外要求目标液滴位置尺寸和操作定义
squeeze-case2-4,false,没有询问缺失方向而是错误判定几何不可行
squeeze-case2-5,false,没有直接要求缺失方向并额外要求操作定义或目标尺寸
